Title,Company,Location,Skills
Not Specified,"Benepik                        
Actively hiring",Not Specified,
Not Specified,Innovate Solutions,Not Specified,
Not Specified,Innovate Solutions,Not Specified,
Not Specified,Innovate Solutions,Not Specified,
Not Specified,"Decision Tree Analytics And Services                        
Actively hiring",Not Specified,
Not Specified,Apple Energy Private Ltd,Not Specified,
Not Specified,Web Idea Solution LLP,Not Specified,
Not Specified,Reliserv Solution,Not Specified,
Not Specified,I4 Consulting : Reimagining HR Blueprints,Not Specified,
Not Specified,Admin Looks,Not Specified,
Not Specified,Not Specified,Not Specified,
Not Specified,Hire Xpert,Not Specified,
Not Specified,HireInfinity Consulting,Not Specified,
Not Specified,Sri Sai Overseas Recruitment,Not Specified,
Not Specified,Win In Life Academy,Not Specified,
Not Specified,VBeyond Corporation,Not Specified,
Not Specified,"SAI SERVICE PVT LTD, CHENGANNUR",Not Specified,
Not Specified,Upstaff,Not Specified,
Not Specified,Gamut HR Solutions,Not Specified,
Not Specified,Aces Global Consulting Pvt Ltd,Not Specified,
Not Specified,Money Honey Financial Services Private Limited,Not Specified,
Not Specified,Sir H.N. Reliance Foundation Hospital & Research Centre,Not Specified,
Not Specified,New York Global Consultants Inc. (NYGCI),Not Specified,
Not Specified,HireInfinity Consulting,Not Specified,
Not Specified,LogicGo Infotech,Not Specified,
Not Specified,ABABIL HEALTHCARE,Not Specified,
Not Specified,Ergode,Not Specified,
Not Specified,Big C Mobiles,Not Specified,
Not Specified,Jio,Not Specified,
Not Specified,EIL Global IT Solutions And Services Pvt Ltd,Not Specified,
Not Specified,Aimlay Private Limited,Not Specified,
Not Specified,LogicGo Infotech,Not Specified,
Not Specified,Kiash Solutions LLP,Not Specified,
Not Specified,C Fiber Communications Pvt Ltd,Not Specified,
Not Specified,Satya Satellite IT Solutions,Not Specified,
Not Specified,LogicGo Infotech,Not Specified,
Not Specified,Jasmine Corporate Gifts,Not Specified,
Not Specified,JOGO Health Pvt Ltd,Not Specified,
Not Specified,VBeyond Corporation,Not Specified,
Not Specified,VBeyond Corporation,Not Specified,
Not Specified,INTINERI INFOSOL PRIVATE LIMITED,Not Specified,
Not Specified,Merloam Estates,Not Specified,
Not Specified,LogicGo Infotech,Not Specified,
Not Specified,VRV Aircon,Not Specified,
Not Specified,IBR Infotech,Not Specified,
Not Specified,Agreed Technologies,Not Specified,
